id,Airline,Flight,AirportFrom,AirportTo,DayOfWeek,Time,Length,Delay
363020,363021,DL,2582,MCO,BDL,2,1155,153,0
422163,422164,WN,2772,SAT,BNA,6,645,125,0
318247,318248,MQ,3044,LAX,DEN,7,725,140,0
260117,260118,WN,3496,LIT,PHX,4,420,195,0
294548,294549,DL,1924,ATL,BWI,5,1290,113,0
325297,325298,MQ,3221,MKE,DFW,7,1100,165,0
232344,232345,9E,4334,CVG,JAX,2,810,113,0
384359,384360,MQ,3357,MOB,DFW,4,360,115,0
356064,356065,US,1453,CLT,MSY,2,790,123,0
147618,147619,EV,5285,GSO,ATL,4,835,95,0
356420,356421,MQ,3326,TYS,DFW,2,810,155,0
50598,50599,CO,793,MCO,EWR,5,1106,154,0
416139,416140,OO,6353,DEN,RKS,5,1135,75,0
415776,415777,US,1630,CLT,LGA,5,1095,115,0
129596,129597,US,1842,PHL,PVD,3,825,64,0
406709,406710,DL,2638,ATL,DCA,5,560,111,0
487110,487111,EV,5538,OMA,ATL,3,322,153,0
103503,103504,MQ,4275,MSN,ORD,2,360,55,0
295528,295529,B6,371,LGA,FLL,6,360,174,0
211724,211725,FL,1204,RSW,MDW,1,650,180,0
274794,274795,UA,631,DCA,ORD,4,1183,132,0
140527,140528,B6,37,JFK,TPA,4,470,176,0
350151,350152,B6,553,EWR,RSW,2,489,195,0
68266,68267,CO,198,DEN,IAH,7,360,141,0
123502,123503,OO,6860,DEN,ABQ,3,500,74,0
148465,148466,WN,2004,DEN,LAX,4,880,155,0
484767,484768,DL,2846,MSP,PIT,2,1170,125,0
323698,323699,DL,2139,DCA,ATL,7,1020,122,0
69396,69397,UA,250,PDX,IAD,7,429,301,0
305775,305776,DL,1391,BOS,LGA,6,930,73,0
93190,93191,OO,6953,ORD,BOI,1,740,229,0
528918,528919,OH,6372,DTW,PIT,5,605,79,0
141051,141052,WN,756,MCI,DAL,4,495,95,0
83603,83604,US,1586,JAX,CLT,7,1195,88,0
227972,227973,OO,4712,SAN,LAX,2,570,49,0
340650,340651,DL,2808,FLL,CVG,1,944,159,0
367415,367416,MQ,4331,ORD,BNA,3,430,90,0
234586,234587,DL,2040,SFO,JFK,2,930,329,0
164571,164572,XE,2824,IAH,BHM,5,775,93,0
524295,524296,AA,2060,SEA,ORD,5,360,245,0
14340,14341,WN,313,CLE,MDW,3,1095,75,0
132334,132335,US,1528,MSY,CLT,3,975,111,0
41922,41923,XE,2352,OMA,IAH,5,656,140,0
346042,346043,MQ,4088,ORD,FAR,1,1240,115,0
96075,96076,MQ,4333,JFK,PIT,1,895,105,0
449234,449235,XE,2024,IAH,BTR,7,1280,61,0
136882,136883,WN,1950,MDW,PVD,3,1230,130,0
476894,476895,WN,557,SFO,LAS,2,755,90,0
362709,362710,MQ,2737,DFW,FSD,2,1140,125,0
98376,98377,B6,217,JFK,LGB,1,1020,380,0
524579,524580,XE,5952,CHS,IAD,5,360,90,0
328198,328199,OO,6629,DEN,SBA,7,1298,151,0
251485,251486,DL,1482,SLC,SNA,3,905,109,0
489798,489799,FL,1740,PIT,MCO,3,470,143,0
179361,179362,AA,450,DFW,MSP,6,650,140,0
323896,323897,9E,3972,HSV,ATL,7,1030,65,0
112970,112971,EV,7367,MEM,TLH,2,865,89,0
380905,380906,9E,4019,MEM,IND,3,1135,87,0
136644,136645,B6,1227,BOS,RDU,3,1210,123,0
145092,145093,WN,2982,BNA,DTW,4,700,95,0
158549,158550,WN,1117,TUL,HOU,5,465,95,0
367833,367834,US,817,ORD,PHL,3,450,120,0
282684,282685,WN,1215,SAN,SAT,5,635,155,0
437468,437469,EV,5247,ATL,BHM,7,630,57,0
127177,127178,EV,5174,BOS,DCA,3,695,105,0
197516,197517,AS,2,SEA,DCA,7,855,284,0
474337,474338,HA,168,HNL,KOA,2,625,43,0
375006,375007,DL,1911,PBI,DTW,3,821,174,0
309069,309070,AA,686,DFW,EWR,6,1135,195,0
42403,42404,MQ,3649,MIA,CVG,5,680,160,0
102265,102266,MQ,3363,DFW,LRD,1,1245,85,0
129101,129102,OO,4483,MSP,DSM,3,800,75,0
180365,180366,XE,2200,IAH,OKC,6,700,73,0
400880,400881,DL,2483,LGA,MSY,4,1205,221,0
108622,108623,WN,2117,TPA,MHT,2,625,175,0
227642,227643,HA,508,LIH,OGG,2,550,43,0
259776,259777,UA,8,SNA,SFO,4,406,106,0
496137,496138,US,592,PHX,MCI,3,795,152,0
89843,89844,US,61,BOS,CLT,1,570,148,0
18128,18129,XE,3115,PVD,CLE,4,360,117,0
358963,358964,9E,4288,MKE,CVG,2,945,85,0
326857,326858,EV,5372,DCA,JAN,7,1185,164,0
493180,493181,AS,453,LAX,SEA,3,645,162,0
467158,467159,DL,2917,CVG,SAN,1,1225,284,0
341616,341617,DL,1856,MIA,JFK,1,995,188,0
54701,54702,WN,341,AUS,DEN,6,390,140,0
456949,456950,AA,1574,LAS,DFW,1,685,155,0
135448,135449,WN,3056,MHT,BWI,3,1140,95,0
85847,85848,DL,2568,SEA,ATL,1,370,284,0
419042,419043,DL,2864,MCO,MEM,6,450,134,0
459479,459480,MQ,4430,RDU,DCA,1,815,55,0
84232,84233,AA,372,SJU,TPA,7,1245,180,0
310121,310122,CO,450,EWR,AUS,6,1212,262,0
461444,461445,OO,6388,DEN,ABQ,1,919,70,0
427155,427156,HA,26,HNL,PDX,6,940,325,0
215412,215413,FL,1007,RSW,BOS,1,840,175,0
198013,198014,WN,3110,SAN,OAK,7,880,85,0
132152,132153,US,1427,CLT,ATL,3,965,76,0
107587,107588,MQ,4298,ORD,MLI,2,570,55,0
477377,477378,AS,305,SFO,SEA,2,785,128,0
188155,188156,XE,2691,EWR,BWI,6,1310,62,0
338364,338365,F9,328,MKE,BOS,1,822,133,0
226083,226084,MQ,4285,ORD,CLT,2,470,115,0
366426,366427,AA,2042,DFW,FLL,3,385,150,0
225108,225109,EV,5267,CAK,ATL,2,420,129,0
199235,199236,DL,1722,DTW,BOS,7,945,122,0
289427,289428,OO,6408,EUG,SFO,5,989,87,0
56361,56362,MQ,4354,ORD,AZO,6,495,50,0
338414,338415,F9,727,DCA,DEN,1,825,237,0
228709,228710,FL,310,ATL,CLT,2,610,71,0
124057,124058,US,1856,MCO,CLT,3,525,96,0
286308,286309,OO,6863,DEN,GJT,5,824,53,0
303294,303295,US,1712,CLT,DCA,6,785,74,0
171576,171577,UA,277,MCO,LAX,5,1144,331,0
463062,463063,MQ,4055,ORD,BNA,1,1005,90,0
465031,465032,FL,729,MKE,DFW,1,1103,150,0
355339,355340,WN,1686,MHT,PHL,2,750,100,0
67677,67678,MQ,3603,MIA,CHS,6,1275,100,0
75467,75468,MQ,3369,DFW,DSM,7,760,115,0
517607,517608,MQ,3528,MKE,DFW,4,955,160,0
272651,272652,9E,3810,DSM,DTW,4,1070,114,0
196016,196017,AA,1277,BWI,DFW,7,775,220,0
314506,314507,US,86,PHX,PDX,7,525,172,0
244356,244357,OO,6215,DEN,OKC,3,520,90,0
227051,227052,DL,749,SLC,SAN,2,520,120,0
267724,267725,UA,806,LAX,SFO,4,811,88,0
436768,436769,US,542,PHX,DFW,7,595,145,0
31350,31351,YV,2973,SFO,LAS,4,1045,87,0
210379,210380,MQ,3977,ORD,CID,1,580,65,0
315273,315274,EV,5057,MEM,LIT,7,570,56,0
176555,176556,WN,3114,OAK,BUR,6,485,65,0
387500,387501,FL,812,BOS,BWI,4,510,95,0
191187,191188,EV,5491,ATL,SGF,7,515,123,0
34832,34833,WN,625,PHX,DEN,4,1255,110,0
446554,446555,MQ,4517,LGA,CRW,7,1110,110,0
456617,456618,XE,2592,EWR,IND,1,665,136,0
53225,53226,DL,1895,ATL,IAH,5,1290,133,0
214109,214110,DL,2460,ATL,ROC,1,772,128,0
454819,454820,AS,321,SJC,SEA,1,575,125,0
181093,181094,CO,1461,CLE,MCO,6,745,137,0
3125,3126,DL,2714,SEA,MSP,3,500,199,0
299671,299672,DL,1024,ATL,RSW,6,585,113,0
247418,247419,WN,1414,MSY,PHX,3,685,215,0
501181,501182,9E,4236,BOS,JFK,3,1060,122,0
363581,363582,EV,5451,MEM,MOB,2,1185,75,0
416740,416741,MQ,3135,SJC,LAX,5,1195,75,0
143091,143092,EV,5088,ATL,HSV,4,600,67,0
74036,74037,YV,2888,TUS,PHX,7,685,51,0
452015,452016,MQ,3298,DFW,HOU,1,430,65,0
487604,487605,WN,3328,MSP,STL,3,360,105,0
102647,102648,OO,6453,LAX,PHX,1,1290,72,0
323494,323495,EV,7101,IAD,SAV,7,1010,107,0
175346,175347,AS,660,SEA,DFW,6,420,230,0
138078,138079,DL,1985,DAY,ATL,4,350,114,0
59208,59209,DL,2330,MSP,MEM,6,660,125,0
84978,84979,AA,1410,DFW,TUL,7,1340,55,0
170615,170616,CO,1792,EWR,MCO,5,1090,182,0
357127,357128,FL,936,ATL,JAX,2,846,68,0
34018,34019,OO,4562,SLC,COS,4,1190,97,0
385317,385318,MQ,3025,LAX,SAN,4,400,45,0
453062,453063,UA,323,PHL,DEN,1,482,271,0
49004,49005,MQ,4320,OKC,ORD,5,1025,135,0
209458,209459,FL,709,ATL,DAY,1,530,87,0
469704,469705,MQ,4503,CMH,JFK,2,390,105,0
34872,34873,FL,123,ATL,TPA,4,1260,88,0
23522,23523,WN,996,TUS,LAS,4,635,80,0
336957,336958,WN,37,ELP,DAL,1,745,95,0
243020,243021,WN,375,PHX,SAN,3,450,70,0
489143,489144,EV,5048,CAE,ATL,3,435,89,0
62370,62371,WN,1829,SAT,LAS,6,840,180,0
63819,63820,US,1183,BWI,CLT,6,935,88,0
226428,226429,MQ,2953,AMA,DFW,2,490,70,0
178702,178703,EV,5472,ECP,ATL,6,608,69,0
346964,346965,DL,1470,ATL,CLT,1,1365,68,0
248699,248700,OO,6432,DEN,AUS,3,754,128,0
263569,263570,DL,2048,DTW,LGA,4,600,108,0
54956,54957,DL,2069,RIC,ATL,6,415,125,0
15081,15082,EV,5101,ATL,ILM,3,1140,88,0
257794,257795,UA,815,DEN,LAX,3,1285,157,0
223678,223679,MQ,3781,LIT,ORD,2,350,105,0
21212,21213,9E,3721,DTW,DAY,4,520,60,0
212855,212856,US,1079,DCA,JAX,1,705,123,0
335339,335340,US,1170,MSY,CLT,1,665,106,0
126451,126452,B6,339,IAD,MCO,3,660,135,0
530676,530677,EV,5166,SHV,MEM,5,695,66,0
230558,230559,B6,621,JFK,HOU,2,710,244,0
55934,55935,US,1584,CLT,PVD,6,470,115,0
461203,461204,OO,4599,SLC,SFO,1,905,137,0
367057,367058,AS,347,OAK,SEA,3,420,120,0
104270,104271,YV,2816,FAT,PHX,2,390,96,0
426316,426317,MQ,3648,CVG,MIA,6,890,160,0
2539,2540,WN,3070,PHL,MHT,3,465,75,0
76067,76068,AS,76,JNU,SEA,7,795,134,0
496764,496765,FL,572,PHX,MKE,3,830,194,0
417689,417690,AA,1406,OMA,DFW,6,360,125,0
64318,64319,EV,5060,ATL,CHS,6,970,72,0
144399,144400,OO,3097,OMA,MKE,4,667,81,0
80677,80678,EV,7338,TLH,MEM,7,1040,96,0
17550,17551,EV,5199,ATL,CHA,3,1372,40,0
77635,77636,DL,2736,MEM,LGA,7,880,160,0
201328,201329,XE,2562,IAH,DAL,7,1050,61,0
29028,29029,MQ,4365,HSV,ORD,4,925,130,0
236676,236677,EV,5213,CHA,ATL,2,1043,52,0
429632,429633,FL,78,FLL,ATL,6,1098,122,0
283218,283219,AA,1788,DFW,RDU,5,665,145,0
534753,534754,DL,1534,ATL,RIC,5,925,92,0
134091,134092,DL,2916,AUS,MSP,3,1065,161,0
310667,310668,MQ,3035,LAX,SBA,6,1290,40,0
402005,402006,EV,5180,DTW,ALB,4,1305,96,0
467028,467029,B6,141,JFK,RSW,1,1215,193,0
34763,34764,B6,337,IAD,MCO,4,1250,133,0
110638,110639,CO,1504,TPA,CLE,2,735,140,0
20528,20529,DL,2119,LGA,MSP,4,485,192,0
379877,379878,AA,541,DFW,ELP,3,1075,105,0
731,732,DL,1762,BNA,DTW,3,375,126,0
180470,180471,9E,3921,IAH,MEM,6,710,105,0
126754,126755,OO,4461,SNA,SLC,3,674,106,0
461409,461410,WN,523,SMF,LAS,1,915,80,0
147401,147402,OO,6615,GTF,DEN,4,824,112,0
334581,334582,WN,2117,TPA,MHT,1,625,175,0
28202,28203,AA,1499,DFW,SJC,4,885,230,0
26983,26984,DL,2492,STL,ATL,4,819,98,0
428837,428838,OH,6756,JFK,CVG,6,1045,166,0
340440,340441,YV,2990,ABQ,PHX,1,930,76,0
96728,96729,DL,2934,MSP,DTW,1,930,104,0
427306,427307,CO,201,EWR,FLL,6,950,186,0
183878,183879,FL,1260,FLL,LEX,6,916,128,0
24267,24268,WN,529,SAN,OAK,4,675,85,0
150446,150447,WN,1533,DEN,ABQ,4,985,70,0
189345,189346,AA,393,DFW,DEN,7,405,125,0
235913,235914,YV,2916,PSP,PHX,2,1000,83,0
330756,330757,WN,618,PVD,BWI,1,430,90,0
24507,24508,9E,4261,MSP,GFK,4,690,70,0
205438,205439,B6,22,JFK,SYR,7,1365,69,0
106260,106261,UA,205,BOS,IAD,2,500,107,0
316956,316957,OO,4839,ABQ,SLC,7,660,115,0
397973,397974,EV,5267,ATL,TRI,4,1050,62,0
386048,386049,AA,444,SAT,ORD,4,435,165,0
314314,314315,OO,6981,DEN,CPR,7,517,57,0
528909,528910,EV,5414,DTW,ORF,5,605,115,0
457312,457313,OO,4461,SNA,SLC,1,700,109,0
21177,21178,WN,1259,BNA,SAT,4,515,155,0
107050,107051,CO,175,SNA,HNL,2,540,345,0
119162,119163,OO,4885,SLC,TUL,2,1205,143,0
135511,135512,DL,2829,ATL,SEA,3,1145,336,0
146147,146148,MQ,2952,DFW,SAV,4,755,135,0
111118,111119,WN,497,BWI,RDU,2,760,65,0
291115,291116,FL,1033,RSW,PIT,5,1074,150,0
524574,524575,XE,3085,DSM,IAH,5,360,154,0
260627,260628,DL,2127,ATL,FLL,4,450,110,0
212819,212820,AA,1543,DFW,SAT,1,705,65,0
387098,387099,OO,6323,ORD,OKC,4,489,130,0
202433,202434,WN,169,OMA,MDW,7,1110,85,0
172159,172160,AA,1183,IAD,DFW,5,1175,205,0
349811,349812,US,481,PHL,DEN,2,470,264,0
189916,189917,OO,4482,CLE,CVG,7,440,65,0
479227,479228,FL,1202,RSW,MDW,2,882,180,0
195301,195302,9E,4244,DTW,AZO,7,735,53,0
202551,202552,B6,589,HPN,FLL,7,1120,179,0
97823,97824,DL,1390,LGA,BOS,1,990,76,0
496840,496841,DL,1862,DTW,PHL,3,835,102,0
176303,176304,EV,4984,DCA,BOS,6,475,95,0
311861,311862,OO,6955,SLC,DEN,7,370,93,0
126087,126088,WN,327,LAS,SEA,3,635,165,0
24567,24568,UA,53,JFK,LAX,4,690,375,0
97059,97060,AA,1900,SNA,DFW,1,950,170,0
34409,34410,WN,1180,ABQ,DAL,4,1215,90,0
146345,146346,FL,229,MIA,BWI,4,767,145,0
223486,223487,AA,1230,SEA,DFW,1,1410,215,0
225821,225822,OO,6472,LAX,ABQ,2,455,109,0
397622,397623,AA,1262,SNA,ORD,4,1035,225,0
110859,110860,US,625,ABQ,PHX,2,745,77,0
231319,231320,DL,2288,ATL,BOS,2,750,153,0
174970,174971,FL,806,BOS,BWI,6,390,90,0
105951,105952,OO,6651,LAX,RNO,2,481,85,0
404715,404716,OH,6450,MCI,CVG,5,455,109,0
410932,410933,WN,2310,BWI,PVD,5,785,70,0
175898,175899,DL,1800,JAX,ATL,6,450,90,0
398659,398660,AA,1314,MSY,MIA,4,1085,110,0
72093,72094,US,1996,SJU,PHL,7,585,238,0
506383,506384,EV,5364,MGM,MEM,4,375,79,0
245300,245301,EV,5136,ATL,VPS,3,572,78,0
429054,429055,9E,3801,CLE,MEM,6,1056,134,0
517436,517437,AA,522,PDX,DFW,4,945,215,0
405319,405320,B6,553,EWR,RSW,5,489,195,0
124240,124241,OO,6895,LIT,DEN,3,535,156,0
227356,227357,FL,295,ATL,HOU,2,535,139,0
345868,345869,FL,937,JAX,ATL,1,1225,70,0
144487,144488,XE,2002,LFT,IAH,4,670,75,0
523066,523067,US,550,DFW,PHX,4,1259,160,0
117282,117283,WN,3846,DTW,STL,2,1095,105,0
40024,40025,WN,778,OMA,LAS,5,555,190,0
374007,374008,EV,5461,TUL,ATL,3,770,109,0
532037,532038,US,1990,MYR,CLT,5,770,64,0
450383,450384,EV,7085,CAE,IAD,1,360,83,0
482259,482260,AA,1206,PHX,ORD,2,1040,200,0
68074,68075,B6,739,JFK,PSE,6,1439,223,0
193094,193095,AA,1216,DFW,TPA,7,620,140,0
356392,356393,DL,1456,ATL,BUF,2,810,121,0
501639,501640,WN,3071,MDW,DEN,3,1080,170,0
324118,324119,DL,1548,DTW,LGA,7,1040,112,0
174836,174837,UA,484,SAN,DEN,6,380,149,0
229131,229132,FL,953,FLL,BWI,2,631,145,0
507782,507783,AA,1038,DFW,MSP,4,445,140,0
47604,47605,FL,1155,RSW,IND,5,955,150,0
439280,439281,MQ,3044,LAX,DEN,7,725,140,0
386704,386705,UA,72,HNL,SFO,4,469,320,0
61191,61192,WN,1928,SLC,ABQ,6,770,85,0
418219,418220,9E,3886,TYS,ATL,6,390,67,0
155338,155339,UA,593,DEN,SNA,4,1276,144,0
77448,77449,DL,1920,MEM,MCO,7,870,120,0
426465,426466,9E,3905,ATL,SBN,6,900,115,0
39480,39481,WN,3505,PIT,PHL,5,525,80,0
232894,232895,OO,6611,PHX,DEN,2,837,102,0
328255,328256,9E,3804,DTW,ABE,7,1305,94,0
470475,470476,WN,2986,PHX,LAS,2,425,65,0
107662,107663,CO,345,CLE,IAH,2,575,186,0
106617,106618,WN,545,ONT,SMF,2,515,80,0
206464,206465,XE,2208,MCI,EWR,1,380,157,0
117359,117360,US,980,CLT,MYR,2,1100,59,0
172903,172904,OO,4635,SLC,SJC,5,1220,114,0
239648,239649,AA,1790,STL,DCA,2,1215,105,0
104788,104789,US,2117,BOS,LGA,2,420,82,0
184390,184391,YV,2818,PHX,DSM,6,950,167,0
157776,157777,OO,4852,MSP,MCI,5,425,95,0
452437,452438,US,327,LAX,LAS,1,450,63,0
249443,249444,US,1242,PHX,DCA,3,795,249,0
64162,64163,MQ,3330,SGF,DFW,6,960,85,0
63131,63132,WN,1996,LAX,LAS,6,890,65,0
445936,445937,UA,465,TPA,DEN,7,1078,252,0
461018,461019,DL,141,JFK,MIA,1,898,207,0
477947,477948,UA,735,OKC,DEN,2,812,106,0
75266,75267,AA,669,CLT,DFW,7,750,175,0
304879,304880,OO,6678,MRY,SFO,6,879,37,0
180,181,HA,202,HNL,ITO,3,355,49,0
68608,68609,DL,2570,LAX,SLC,7,375,119,0
531087,531088,XE,2981,BTR,IAH,5,718,70,0
86270,86271,MQ,3322,GSO,DFW,1,390,200,0
340958,340959,US,1557,PHL,FLL,1,960,171,0
119837,119838,HA,595,OGG,HNL,2,1275,33,0
463428,463429,YV,2614,AUS,CLT,1,1020,157,0
199607,199608,WN,1182,PHX,SAN,7,965,70,0
50384,50385,FL,93,ATL,RDU,5,1095,80,0
387589,387590,AA,1543,BNA,DFW,4,515,130,0
415437,415438,CO,1645,CLE,IAH,5,1070,190,0
133524,133525,F9,351,PHF,DEN,3,1038,233,0
175720,175721,WN,2284,TUS,LAS,6,435,75,0
274397,274398,OH,6544,BUF,JFK,4,1160,108,0
27928,27929,DL,2644,SAN,MSP,4,870,216,0
261895,261896,OO,6504,OTH,SFO,4,513,117,0
227755,227756,OO,6992,CLD,LAX,2,557,40,0
419030,419031,DL,1545,DCA,DTW,6,450,103,0
132675,132676,WN,938,PHX,LAX,3,990,80,0
142376,142377,XE,2908,IAH,AMA,4,564,99,0
6391,6392,OO,7029,SLC,SFO,3,671,143,0
62733,62734,FL,1588,MCO,BKG,6,869,147,0
420314,420315,CO,191,MIA,IAH,6,530,174,0
148449,148450,OO,6395,BNA,ORD,4,880,105,0
306865,306866,AA,743,DFW,LAX,6,995,205,0
377483,377484,XE,2260,EWR,CVG,3,950,134,0
189732,189733,AA,1061,JFK,MIA,7,430,208,0
270038,270039,EV,5483,BOS,DCA,4,935,110,0
243820,243821,UA,425,IAD,SAT,3,495,239,0
204955,204956,XE,2131,IAH,CRP,7,1285,59,0
286869,286870,CO,1541,IAH,AUS,5,855,53,0
234940,234941,US,46,PHX,DCA,2,950,243,0
162221,162222,WN,521,DAL,STL,5,655,95,0
476978,476979,OO,6865,SBN,ORD,2,761,44,0
248082,248083,OH,6602,JAX,DCA,3,720,114,0
466361,466362,EV,5213,MEM,XNA,1,1175,72,0
539148,539149,EV,4968,ATL,FAY,5,1315,75,0
278968,278969,XE,3140,SAT,IAH,5,445,59,0
150308,150309,AA,1540,TUS,DFW,4,980,130,0
362108,362109,MQ,2947,FSM,DFW,2,1105,65,0
245557,245558,YV,7267,ORD,ATL,3,585,118,0
492122,492123,OO,4850,SLC,DFW,3,590,172,0
459910,459911,UA,312,TPA,IAD,1,838,136,0
488894,488895,YV,2681,CVG,CLT,3,420,86,0
422651,422652,OH,6384,CVG,LGA,6,675,120,0
335199,335200,DL,332,PBI,ATL,1,660,114,0
292675,292676,EV,7314,ATL,TRI,5,1155,67,0
104977,104978,OO,4672,BUR,SLC,2,430,114,0
260870,260871,US,1813,CLT,TPA,4,460,100,0
40139,40140,AA,1673,ATL,DFW,5,565,155,0
314845,314846,AA,2307,ORD,DFW,7,545,155,0
301113,301114,AA,40,LAX,JFK,6,665,330,0
123177,123178,WN,636,BWI,ISP,3,480,65,0
447167,447168,US,1196,SAN,PHX,7,1145,77,0
269046,269047,9E,4235,JFK,CLT,4,885,147,0
87938,87939,WN,3238,MDW,LGA,1,475,150,0
146318,146319,US,145,SNA,PHX,4,765,76,0
376970,376971,B6,1410,AUS,MCO,3,925,142,0
48183,48184,CO,1055,EWR,LAX,5,985,368,0
71678,71679,OO,6854,SFO,ACV,7,561,78,0
241467,241468,UA,732,SEA,ORD,3,370,242,0
245595,245596,DL,1991,ATL,TPA,3,590,100,0
298646,298647,EV,7092,ORD,ROC,6,525,95,0
423386,423387,US,10,CLT,ORD,6,715,130,0
80081,80082,DL,1654,ATL,DAY,7,1010,96,0
164363,164364,AA,373,DFW,SNA,5,765,195,0
104198,104199,MQ,4436,BNA,DCA,2,390,105,0
307930,307931,MQ,2757,DFW,XNA,6,1055,65,0
139226,139227,AA,452,MIA,BOS,4,405,180,0
90883,90884,AA,1650,TUS,DFW,1,625,130,0
439333,439334,EV,5566,EWN,ATL,7,728,106,0
357945,357946,US,1750,LAS,PHL,2,890,276,0
365045,365046,EV,5222,ATL,BTR,2,1315,104,0
157916,157917,AA,812,SEA,DFW,5,435,235,0
338314,338315,OO,4803,MEM,SLC,1,820,195,0
303596,303597,OO,6958,CWA,ORD,6,804,68,0
117176,117177,B6,250,LGB,OAK,2,1090,77,0
23874,23875,AA,2088,MIA,LGA,4,660,180,0
445767,445768,F9,376,DEN,MKE,7,1070,133,0
256884,256885,YV,2817,LAX,LAS,3,1195,64,0
223829,223830,EV,5564,ILM,ATL,2,360,88,0
86030,86031,9E,3684,PIT,JFK,1,380,106,0
110254,110255,MQ,2829,DFW,PNS,2,715,100,0
15507,15508,OH,6544,BUF,JFK,3,1160,108,0
401122,401123,OO,6415,LAS,LAX,4,1223,72,0
317511,317512,AA,2423,PBI,ORD,7,690,190,0
100402,100403,CO,1807,TPA,IAH,1,1126,144,0
180941,180942,OO,4441,FCA,SLC,6,735,95,0
310137,310138,DL,1729,JFK,LAS,6,1215,363,0
81045,81046,WN,1100,SDF,MDW,7,1055,75,0
137876,137877,US,1794,LAS,CLT,3,1385,238,0
129094,129095,MQ,3992,XNA,ORD,3,800,105,0
501105,501106,EV,5396,OKC,DTW,3,1055,142,0
62261,62262,WN,2150,BOS,PHX,6,835,365,0
405489,405490,UA,510,SFO,SEA,5,499,133,0
431290,431291,MQ,2969,DFW,ABI,6,1255,50,0
251260,251261,UA,354,SAN,DEN,3,894,141,0
235101,235102,MQ,4695,LGA,BOS,2,960,70,0
105566,105567,WN,480,MCO,MSY,2,460,110,0
65260,65261,9E,4125,CMH,MSP,6,1034,126,0
269994,269995,OO,6661,SFO,MOD,4,931,36,0
369636,369637,OO,6840,SFO,SBA,3,540,81,0
156408,156409,OO,7768,SGU,SLC,5,360,73,0
285422,285423,OO,6592,BZN,ORD,5,779,171,0
187635,187636,OO,4770,SLC,CPR,6,1200,70,0
154646,154647,9E,3968,JFK,ORD,4,1210,182,0
99791,99792,DL,1062,MCO,LAX,1,1090,346,0
105991,105992,HA,27,SEA,HNL,2,485,370,0
95679,95680,WN,102,SFO,SAN,1,875,85,0
205558,205559,DL,1768,LAX,MSP,1,30,220,0
324281,324282,EV,5457,ATL,TLH,7,1047,63,0
390400,390401,DL,1075,RDU,ATL,4,660,87,0
61687,61688,YV,2609,CLT,BNA,6,800,90,0
29345,29346,FL,907,PHF,ATL,4,943,112,0
270498,270499,OH,6599,STL,CVG,4,960,72,0
40992,40993,OO,6542,DEN,DRO,5,606,64,0
529450,529451,US,2028,DCA,BOS,5,630,79,0
97518,97519,9E,4330,RDU,JFK,1,975,120,0
139299,139300,YV,2648,PHX,LAS,4,405,68,0
32509,32510,DL,1623,BOS,DTW,4,1108,147,0
343178,343179,YV,2946,TUS,PHX,1,1070,51,0
313701,313702,DL,2426,FLL,ATL,7,485,124,0
164259,164260,YV,1037,ITO,HNL,5,755,47,0
38440,38441,CO,393,MCO,EWR,5,480,151,0
314600,314601,WN,1499,MDW,STL,7,530,70,0
110180,110181,MQ,4281,ORD,EVV,2,710,65,0
127094,127095,OH,6497,BNA,MEM,3,690,69,0
76756,76757,OO,4586,SLC,OMA,7,830,144,0
28317,28318,9E,4292,LWB,JFK,4,890,110,0
461493,461494,OO,4843,SLC,HLN,1,920,90,0
273985,273986,US,2047,BOS,DCA,4,1140,96,0
451086,451087,WN,2790,CMH,BWI,1,385,70,0
19954,19955,MQ,4236,MEM,ORD,4,455,120,0
134459,134460,OO,6585,CWA,ORD,3,1082,68,0
367983,367984,B6,407,BOS,PHX,3,460,347,0
524226,524227,MQ,3332,LBB,DFW,5,350,70,0
195107,195108,9E,3733,ATL,IAH,7,725,140,0
34558,34559,DL,2918,MCO,ATL,4,1230,96,0
415545,415546,FL,636,DAY,BWI,5,1076,84,0
87998,87999,CO,659,DCA,IAH,1,480,208,0
140138,140139,DL,2291,ATL,TPA,4,450,87,0
85471,85472,DL,1401,BOS,ATL,1,360,190,0
123713,123714,OH,6280,EVV,CVG,3,510,54,0
28554,28555,F9,261,SNA,DEN,4,900,136,0
418615,418616,EV,5298,ECP,ATL,6,420,84,0
3366,3367,US,1494,MIA,CLT,3,510,127,0
105276,105277,AA,549,FLL,ORD,2,450,195,0
224803,224804,AA,452,MIA,BOS,2,405,180,0
198275,198276,B6,1114,MCO,RIC,7,895,106,0
213231,213232,AA,874,LAX,ORD,1,725,245,0
383325,383326,AA,2160,MIA,ATL,3,1295,120,0
386441,386442,9E,3959,DTW,MDW,4,455,90,0
321361,321362,MQ,3390,HOU,DFW,7,895,70,0
413059,413060,DL,2485,DAB,ATL,5,910,90,0
66834,66835,WN,1512,ABQ,DAL,6,1155,90,0
103622,103623,WN,3061,LGA,MDW,2,360,150,0
200573,200574,OO,6699,DEN,ELP,7,1017,102,0
216571,216572,US,2179,LGA,DCA,1,900,78,0
97620,97621,DL,1938,ATL,DCA,1,980,106,0
533419,533420,OO,6984,LAX,CLD,5,849,41,0
204437,204438,DL,2918,MCO,ATL,7,1230,96,0
267371,267372,AA,2058,DFW,SJU,4,795,265,0
454342,454343,WN,1002,BWI,BNA,1,545,120,0
20644,20645,UA,491,DEN,PHX,4,492,129,0
237961,237962,XE,2116,IAH,COS,2,1112,141,0
203000,203001,XE,2828,DAL,IAH,7,1140,62,0
528734,528735,WN,1637,SAN,SMF,5,595,95,0
347059,347060,B6,767,MCO,PSE,1,1413,160,0
367982,367983,AS,676,SEA,DEN,3,460,155,0
361991,361992,9E,4076,BNA,MSP,2,1100,140,0
7715,7716,WN,561,LAS,LAX,3,740,65,0
294092,294093,B6,586,FLL,HPN,5,1245,167,0
177927,177928,DL,1275,JFK,SLC,6,565,325,0
389576,389577,EV,5181,ATL,MLU,4,615,110,0
517992,517993,EV,5127,ATL,FAY,4,975,76,0
517708,517709,EV,5086,BHM,ATL,4,960,75,0
276980,276981,DL,2806,SFO,MSP,5,360,222,0
310247,310248,B6,1069,JFK,AUS,6,1230,261,0
33390,33391,MQ,3674,CLT,MIA,4,1155,130,0
420346,420347,FL,373,LGA,ATL,6,533,162,0
355917,355918,DL,2052,MTJ,ATL,2,785,190,0
330661,330662,WN,2198,OKC,STL,1,425,80,0
217640,217641,WN,186,HOU,JAN,1,960,65,0
255297,255298,OO,6672,SPI,ORD,3,1107,58,0
93670,93671,OO,6573,HDN,DEN,1,769,56,0
199489,199490,OO,6474,LAX,ABQ,7,960,109,0
367947,367948,WN,592,PHX,LAS,3,455,65,0
225976,225977,AA,2081,MCO,DFW,2,465,180,0
115131,115132,B6,1293,BOS,PIT,2,982,106,0
168321,168322,DL,25,ATL,RDU,5,975,83,0
212805,212806,OO,4540,MSO,SLC,1,703,82,0
427236,427237,CO,246,IAH,ORD,6,945,157,0
95995,95996,US,638,PHX,ONT,1,890,74,0
22311,22312,WN,1004,MCI,OKC,4,575,70,0
113306,113307,FL,1401,MCO,ROC,2,884,156,0
381883,381884,OO,6283,LAX,IYK,3,1180,52,0
404098,404099,WN,801,PHX,BWI,5,420,255,0
22250,22251,EV,5136,ATL,VPS,4,572,78,0
422279,422280,DL,1049,ATL,SAT,6,655,165,0
38977,38978,US,1576,PBI,CLT,5,505,113,0
85054,85055,AA,1877,DFW,LAS,7,1360,190,0
343897,343898,MQ,3451,DFW,XNA,1,1110,65,0
323835,323836,MQ,3933,ICT,ORD,7,1025,120,0
268386,268387,YV,1055,OGG,HNL,4,845,32,0
451981,451982,UA,749,SEA,SFO,1,429,136,0
216481,216482,UA,618,ORD,DCA,1,897,111,0
99652,99653,WN,1421,SEA,PHX,1,1080,170,0
244006,244007,FL,954,BWI,FLL,3,505,160,0
245085,245086,US,29,CLT,ATL,3,560,79,0
457462,457463,B6,53,ROC,JFK,1,707,73,0
279391,279392,B6,1795,DCA,FLL,5,470,151,0
289209,289210,XE,2346,IAH,HSV,5,975,103,0
23969,23970,WN,786,TPA,FLL,4,660,60,0
50351,50352,HA,235,OGG,HNL,5,1092,34,0
223204,223205,OO,4452,SLC,LWS,1,1310,91,0
377167,377168,EV,5256,VPS,ATL,3,935,80,0
393760,393761,YV,1037,HNL,LIH,4,830,37,0
397880,397881,US,1649,DCA,TPA,4,1045,144,0
395120,395121,UA,686,ORD,LGA,4,903,126,0
463144,463145,OO,4777,SLC,ABQ,1,1010,103,0
59749,59750,WN,444,ELP,PHX,6,685,80,0
127045,127046,9E,4226,CVG,ORF,3,690,99,0
452232,452233,US,578,SLC,PHX,1,440,102,0
418824,418825,XE,3122,MSY,IAH,6,433,75,0
178618,178619,DL,1143,CHS,ATL,6,605,77,0
61278,61279,HA,148,HNL,KOA,6,776,43,0
413480,413481,CO,855,PBI,EWR,5,935,175,0
140600,140601,DL,1492,PHX,MSP,4,475,184,0
376483,376484,DL,2498,PDX,MSP,3,900,191,0
151881,151882,WN,3394,MCI,FLL,4,1055,180,0
451954,451955,WN,2819,SLC,LAX,1,425,125,0
56262,56263,B6,1051,JFK,PIT,6,490,97,0
382971,382972,YV,2863,PHX,FLG,3,1255,62,0
150050,150051,DL,2770,MEM,MSP,4,965,129,0
18974,18975,WN,2038,ELP,DAL,4,405,95,0
534236,534237,MQ,3693,RIC,MIA,5,895,160,0
217521,217522,US,256,PHX,PHL,1,955,258,0
369982,369983,US,29,CLT,ATL,3,560,79,0
358071,358072,FL,850,MCO,ATL,2,897,95,0
56799,56800,UA,423,SFO,SEA,6,515,123,0
100700,100701,WN,803,SJC,PHX,1,1140,105,0
386246,386247,DL,2012,ATL,ORD,4,445,127,0
141059,141060,OO,6935,ACV,CEC,4,496,27,0
104276,104277,OH,6457,ORF,CVG,2,392,121,0
248930,248931,UA,670,MSY,IAD,3,768,147,0
423204,423205,B6,585,HPN,FLL,6,705,179,0
17352,17353,AS,871,HNL,ANC,3,1325,356,0
182629,182630,AA,1120,ORD,STL,6,840,65,0
119356,119357,AA,1659,ORD,MCI,2,1225,85,0
333984,333985,B6,462,RSW,BOS,1,597,174,0
113644,113645,DL,1832,ORD,MSP,2,900,90,0
119332,119333,US,1022,CLT,RIC,2,1220,68,0
159010,159011,WN,609,PHX,LAX,5,490,85,0
445741,445742,YV,2734,PHX,LGB,7,1068,80,0
17746,17747,DL,2710,DFW,ATL,4,345,132,0
250295,250296,OH,6667,DTW,AZO,3,840,55,0
490988,490989,UA,227,OMA,DEN,3,527,112,0
205359,205360,AS,16,SEA,MIA,7,1345,335,0
213007,213008,B6,1402,AUS,FLL,1,715,150,0
119654,119655,EV,7352,ATL,VPS,2,1255,74,0
80436,80437,EV,7129,IAD,CHS,7,1027,101,0
432670,432671,OO,4554,GTF,SLC,7,375,94,0
98267,98268,AA,1321,IAD,MIA,1,1015,170,0
342567,342568,WN,2712,IAD,MDW,1,1040,130,0
300696,300697,FL,1412,RSW,FNT,6,640,176,1
487227,487228,FL,557,BUF,ATL,3,350,145,1
495926,495927,WN,3778,PHX,DEN,3,785,105,1
430573,430574,WN,428,DEN,MDW,6,1170,145,1
77832,77833,CO,1618,EWR,TPA,7,890,177,1
491053,491054,WN,280,FLL,JAX,3,530,75,1
280048,280049,AA,2396,EGE,JFK,5,505,250,1
360143,360144,WN,719,BWI,MCO,2,1005,140,1
415828,415829,US,1529,CLT,DEN,5,1100,231,1
124300,124301,CO,309,IAH,PDX,3,540,270,1
464827,464828,WN,393,BOI,RNO,1,1090,70,1
502973,502974,DL,2582,MCO,BDL,3,1155,153,1
282898,282899,9E,3754,DTW,SCE,5,648,81,1
412569,412570,XE,5911,LNK,ORD,5,880,96,1
510941,510942,WN,424,MCO,RSW,4,605,50,1
488363,488364,CO,1131,EWR,DFW,3,400,254,1
462278,462279,YV,2623,CLT,CVG,1,964,89,1
505159,505160,AS,731,SEA,ANC,3,1320,210,1
273638,273639,OO,6238,FAT,LAS,4,1122,80,1
271831,271832,OH,6565,SYR,CVG,4,1029,126,1
284529,284530,XE,5999,GSO,ORD,5,728,125,1
435578,435579,B6,1263,BOS,AUS,7,530,280,1
41830,41831,9E,4147,MDW,DTW,5,651,79,1
359880,359881,WN,644,BUR,SJC,2,990,65,1
247672,247673,B6,1019,BOS,JFK,3,700,68,1
192969,192970,OO,6590,DEN,MEM,7,612,136,1
322625,322626,UA,948,LAX,DEN,7,963,147,1
489719,489720,MQ,3810,ORD,CLE,3,465,80,1
134032,134033,WN,2038,BWI,HOU,3,1060,220,1
505117,505118,DL,2197,DTW,MSP,3,1315,123,1
195440,195441,MQ,2847,CHS,DFW,7,740,190,1
305824,305825,WN,2542,DEN,SLC,6,930,90,1
343980,343981,DL,2058,MCO,JFK,1,1115,157,1
127756,127757,EV,5068,ATL,ILM,3,725,76,1
266622,266623,EV,5081,XNA,ATL,4,752,110,1
294038,294039,MQ,3785,ORD,IAH,5,1240,165,1
470606,470607,9E,4297,DTW,BNA,2,435,110,1
203454,203455,XE,2332,EWR,GSP,7,1165,118,1
218618,218619,OO,7019,MFR,PDX,1,1012,62,1
190831,190832,AA,1205,PHL,DFW,7,500,240,1
449977,449978,YV,2777,PHX,PSP,7,1431,63,1
16917,16918,WN,1502,LAS,PDX,3,1265,140,1
164440,164441,AA,1607,TUL,DFW,5,770,70,1
485719,485720,B6,445,BOS,TPA,2,1230,199,1
476177,476178,DL,1947,LGA,ATL,2,720,160,1
182158,182159,UA,570,ORD,CLE,6,810,86,1
129660,129661,AA,560,RNO,ORD,3,830,235,1
216302,216303,OO,6487,TUS,LAX,1,888,91,1
502284,502285,AA,1876,MIA,LGA,3,1120,175,1
465455,465456,OO,6344,DFW,LAX,1,1130,205,1
474213,474214,9E,4136,DTW,ITH,2,620,84,1
320615,320616,WN,2640,BOI,LAS,7,855,100,1
392691,392692,UA,31,LAX,IAD,4,777,293,1
409041,409042,DL,1750,LAS,MSP,5,683,192,1
171494,171495,EV,5280,MEM,BNA,5,1140,62,1
289218,289219,OO,4637,LAS,LAX,5,976,73,1
191760,191761,US,1052,CLT,LGA,7,545,98,1
536001,536002,XE,5923,BHM,ORD,5,1003,134,1
362854,362855,WN,3484,SEA,SMF,2,1145,105,1
147207,147208,OO,6346,SBP,SFO,4,811,61,1
401613,401614,XE,2985,EWR,DTW,4,1260,125,1
73090,73091,WN,411,PHL,LAS,7,635,350,1
117428,117429,MQ,3660,IND,MIA,2,1105,170,1
256947,256948,MQ,4692,JFK,CMH,3,1200,125,1
491635,491636,AA,1627,DFW,MCI,3,565,90,1
347260,347261,UA,756,SFO,DEN,2,345,160,1
406734,406735,WN,193,BWI,BUF,5,560,65,1
367012,367013,WN,3501,MDW,PIT,3,415,80,1
239673,239674,WN,1033,SNA,SJC,2,1215,75,1
529289,529290,OO,6347,BZN,DEN,5,622,98,1
512076,512077,DL,2169,ATL,MCO,4,665,93,1
213253,213254,EV,5526,ATL,FNT,1,725,110,1
371709,371710,WN,6,MCI,MDW,3,650,80,1
460766,460767,MQ,2763,DFW,MGM,1,885,105,1
431678,431679,HA,4,HNL,LAX,6,1330,325,1
358224,358225,B6,1759,FLL,SJU,2,905,150,1
379074,379075,DL,1537,ATL,MDW,3,1035,117,1
168943,168944,WN,857,MCO,STL,5,1005,155,1
227308,227309,WN,3307,MDW,SAN,2,530,275,1
55530,55531,WN,2596,SEA,PHX,6,445,170,1
86777,86778,B6,521,EWR,MCO,1,420,170,1
176778,176779,MQ,3192,SJC,LAX,6,500,80,1
190075,190076,OO,7029,SFO,SLC,7,450,107,1
32864,32865,EV,5297,ATL,MEM,4,1130,84,1
212951,212952,US,487,CLT,DEN,1,710,234,1
213314,213315,9E,3671,DTW,DLH,1,730,119,1
426755,426756,DL,2196,MSP,LGA,6,915,166,1
223100,223101,DL,1277,ATL,CHS,1,1300,71,1
341891,341892,DL,2743,EWR,ATL,1,1010,159,1
268671,268672,DL,2801,BWI,MSP,4,865,166,1
5740,5741,WN,3110,MDW,PHX,3,635,240,1
119778,119779,XE,2803,IAH,SHV,2,1265,53,1
291998,291999,WN,849,LAS,SEA,5,1120,165,1
440759,440760,AA,902,MIA,DFW,7,810,195,1
380910,380911,AA,1203,DFW,SEA,3,1135,260,1
181123,181124,WN,2406,BNA,MCO,6,745,105,1
98511,98512,FL,652,SAT,ATL,1,1025,135,1
255726,255727,DL,2022,MSP,BOS,3,1135,167,1
289677,289678,WN,32,ABQ,SEA,5,1000,200,1
272073,272074,MQ,4369,CVG,ORD,4,1040,80,1
384747,384748,OO,4753,TUL,SLC,4,370,156,1
309097,309098,FL,1628,MCO,PHL,6,1135,141,1
362815,362816,F9,426,DEN,ATL,2,1145,164,1
167538,167539,WN,1691,BWI,BDL,5,930,70,1
485547,485548,DL,2427,ATL,FLL,2,1215,112,1
478709,478710,DL,2153,MSP,SEA,2,855,222,1
222450,222451,UA,724,DEN,MCI,1,1228,102,1
299557,299558,WN,2762,SJC,SAN,6,575,80,1
6683,6684,OO,6574,RDM,DEN,3,688,136,1
303266,303267,CO,744,IAH,CLE,6,785,156,1
351254,351255,OO,4879,BOI,SLC,2,540,72,1
220041,220042,WN,3763,BWI,ALB,1,1080,70,1
353767,353768,UA,450,SNA,DEN,2,674,136,1
264802,264803,WN,437,SDF,MDW,4,660,70,1
150852,150853,WN,2254,OAK,DEN,4,1005,140,1
428523,428524,WN,1212,SAN,SJC,6,1025,80,1
500007,500008,XE,2350,CLE,MKE,3,1000,79,1
424759,424760,WN,1638,DAL,AUS,6,795,50,1
506798,506799,DL,2673,LGA,MEM,4,395,185,1
267887,267888,WN,48,RDU,MCO,4,820,105,1
401754,401755,AA,2211,DFW,PDX,4,1280,245,1
443100,443101,XE,2505,CLE,RIC,7,930,74,1
127082,127083,F9,618,DEN,IND,3,690,137,1
523635,523636,UA,260,IAD,MCO,4,1315,140,1
421010,421011,WN,2256,MDW,MSP,6,575,85,1
209224,209225,DL,2833,DTW,SAN,1,520,309,1
342611,342612,AS,105,SEA,ANC,1,1045,225,1
282616,282617,WN,9,HOU,OAK,5,630,260,1
360136,360137,WN,1943,STL,MSP,2,1005,90,1
194982,194983,EV,5104,BMI,ATL,7,719,104,1
226925,226926,9E,3755,DTW,RST,2,515,109,1
306489,306490,WN,159,MSY,BNA,6,970,85,1
292875,292876,WN,2210,LIT,DAL,5,1165,65,1
451745,451746,EV,4985,CAK,ATL,1,420,136,1
476458,476459,DL,2807,MCO,MEM,2,733,132,1
521401,521402,WN,155,SFO,SAN,4,1150,85,1
384600,384601,OO,6487,MRY,DEN,4,362,146,1
314294,314295,WN,545,ONT,SMF,7,515,80,1
436899,436900,WN,407,CMH,MDW,7,600,70,1
213991,213992,MQ,3335,CID,DFW,1,765,135,1
456671,456672,EV,5597,ATL,MGM,1,670,60,1
234094,234095,WN,3503,MDW,DEN,2,900,165,1
322807,322808,HA,263,ITO,HNL,7,972,49,1
453551,453552,F9,386,DEN,FLL,1,510,227,1
315761,315762,DL,1727,ATL,FLL,7,598,123,1
368544,368545,XE,5908,ORD,FSD,3,489,96,1
446872,446873,WN,849,PDX,DEN,7,1130,145,1
409679,409680,WN,1209,PDX,OAK,5,715,100,1
445061,445062,DL,2421,MSP,LAX,7,1035,241,1
477041,477042,WN,1395,MSY,STL,2,765,105,1
356790,356791,DL,238,MIA,ATL,2,830,120,1
137848,137849,OO,6549,SFO,SBP,3,1369,67,1
476549,476550,YV,7304,IAD,JAX,2,737,116,1
393946,393947,UA,684,ORD,LGA,4,840,126,1
403247,403248,UA,185,PHL,SFO,5,372,387,1
217596,217597,DL,2594,ATL,PHL,1,960,127,1
478903,478904,WN,1030,RDU,PHX,2,865,305,1
211744,211745,WN,1509,SNA,LAS,1,650,70,1
458738,458739,9E,4101,FNT,MSP,1,779,101,1
246166,246167,YV,7306,SYR,IAD,3,618,77,1
158503,158504,CO,586,IAH,MCO,5,465,133,1
103100,103101,UA,161,SEA,IAD,1,1402,291,1
372877,372878,B6,672,LAX,JFK,3,709,311,1
409155,409156,AA,726,DFW,LGA,5,690,195,1
377189,377190,WN,1860,LIT,HOU,3,935,85,1
365967,365968,WN,3245,PDX,PHX,3,360,155,1
92505,92506,WN,2640,PDX,BOI,1,705,65,1
294040,294041,MQ,3945,ORD,PIT,5,1240,90,1
502790,502791,WN,1070,PHL,MCO,3,1145,165,1
527150,527151,OO,4590,SLC,DEN,5,510,90,1
357462,357463,FL,86,ATL,FLL,2,866,110,1
131343,131344,OO,4816,SLC,DEN,3,920,88,1
397608,397609,DL,1114,SLC,BWI,4,1034,252,1
81789,81790,WN,28,MDW,CLE,7,1095,75,1
98630,98631,WN,541,LAX,SJC,1,1030,65,1
72962,72963,DL,1529,JFK,LAS,7,630,352,1
395686,395687,OO,7037,PSP,LAS,4,932,60,1
432962,432963,WN,2284,OAK,BUR,7,390,70,1
13438,13439,CO,1800,FLL,EWR,3,1050,177,1
107084,107085,MQ,3935,MCI,ORD,2,540,90,1
184440,184441,WN,2947,PDX,SLC,6,955,105,1
367589,367590,AA,334,DFW,BNA,3,440,100,1
229658,229659,WN,778,LAS,SJC,2,660,90,1
8642,8643,AS,76,JNU,SEA,3,795,134,1
339366,339367,XE,2066,RIC,IAH,1,875,202,1
240290,240291,B6,90,OAK,JFK,2,1285,317,1
428199,428200,WN,2179,ONT,SJC,6,1005,70,1
453201,453202,EV,7080,IAD,CAE,1,491,87,1
517633,517634,WN,849,PIT,LAS,4,955,310,1
273199,273200,WN,2705,PVD,BWI,4,1095,85,1
497287,497288,HA,506,HNL,OGG,3,860,39,1
131016,131017,WN,389,BNA,RDU,3,900,80,1
394277,394278,WN,2872,OAK,BUR,4,860,65,1
308478,308479,AS,657,PHX,PDX,6,1090,170,1
515830,515831,OO,6411,SBP,LAX,4,863,61,1
284032,284033,B6,576,MCO,SWF,5,705,155,1
389879,389880,F9,232,DEN,BNA,4,630,150,1
197335,197336,WN,782,MDW,IAD,7,840,110,1
225999,226000,EV,5503,HOU,ATL,2,465,118,1
193482,193483,B6,422,PBI,BOS,7,640,173,1
412063,412064,XE,2317,IAH,GSO,5,851,141,1
16213,16214,WN,1216,BNA,DTW,3,1200,95,1
162175,162176,F9,654,SFO,DEN,5,654,146,1
218203,218204,DL,2615,ATL,PHX,1,990,257,1
74038,74039,DL,2725,BOS,MSP,7,686,194,1
429184,429185,WN,1341,MDW,MSP,6,1065,90,1
220770,220771,WN,56,CRP,HOU,1,1125,50,1
154747,154748,UA,565,SFO,LAX,4,1216,90,1
488722,488723,CO,428,EWR,DEN,3,420,265,1
438403,438404,WN,169,LAS,RNO,7,680,80,1
507362,507363,WN,461,ORF,JAX,4,420,105,1
391409,391410,XE,2256,AVL,EWR,4,705,109,1
387942,387943,B6,150,MCO,JFK,4,530,139,1
190181,190182,9E,3741,ATL,HOU,7,460,141,1
460444,460445,AA,1853,DFW,COS,1,870,115,1
42173,42174,OO,6973,SEA,LAX,5,669,149,1
379252,379253,FL,43,MDW,ATL,3,1042,118,1
7048,7049,WN,2963,SFO,SAN,3,705,85,1
354702,354703,CO,1434,PHX,EWR,2,720,276,1
514783,514784,UA,128,ORD,PHL,4,805,123,1
102800,102801,DL,1129,ATL,ORF,1,1307,98,1
482547,482548,WN,880,PHX,OAK,2,1050,125,1
408192,408193,MQ,2861,DFW,MGM,5,640,100,1
202411,202412,MQ,4529,BOS,JFK,7,1110,90,1
22127,22128,XE,2345,EWR,STL,4,565,187,1
197802,197803,FL,263,MKE,DCA,7,870,109,1
253467,253468,AA,1007,MIA,PHX,3,1015,320,1
280469,280470,WN,681,LAX,BNA,5,520,230,1
152804,152805,WN,44,DAL,MCI,4,1105,85,1
532862,532863,OO,6420,BZN,DEN,5,816,104,1
532354,532355,UA,734,ORD,PIT,5,786,88,1
227733,227734,WN,1178,STL,BOS,2,555,155,1
451421,451422,OO,7019,SBP,SFO,1,404,72,1
265733,265734,XE,2670,STL,EWR,4,705,143,1
522702,522703,B6,1219,BOS,BUF,4,1230,89,1
476032,476033,WN,698,TPA,BNA,2,710,110,1
244578,244579,WN,1752,SFO,SAN,3,530,85,1
303199,303200,MQ,4657,ATL,LGA,6,780,125,1
164550,164551,OO,6286,PSP,LAS,5,775,60,1
394289,394290,XE,2876,CRP,IAH,4,860,59,1
292216,292217,F9,498,CAK,DEN,5,1135,199,1
241189,241190,OO,6434,SBP,LAX,3,360,62,1
213817,213818,DL,1021,ALB,ATL,1,755,169,1
85772,85773,CO,151,RDU,IAH,1,365,180,1
447516,447517,DL,1146,PIT,DTW,7,1165,83,1
287939,287940,AS,470,SEA,LAX,5,910,157,1
227957,227958,EV,5173,ATL,BHM,2,570,59,1
147923,147924,WN,941,BWI,CLE,4,850,75,1
428972,428973,XE,3113,CLE,CLT,6,1050,87,1
381039,381040,CO,1441,IAH,AUS,3,1140,57,1
295434,295435,OO,6258,MOD,SFO,6,350,38,1
349839,349840,B6,987,JFK,MCO,2,473,170,1
389293,389294,WN,2095,PHX,DEN,4,600,110,1
535392,535393,AA,1366,DFW,MEM,5,965,85,1
522998,522999,AA,1539,ORD,STL,4,1255,70,1
439708,439709,XE,2459,CLT,IAH,7,748,172,1
401356,401357,WN,974,PHX,DEN,4,1240,105,1
340930,340931,EV,4942,ATL,JAN,1,960,84,1
99905,99906,WN,3846,DTW,STL,1,1095,105,1
433028,433029,WN,1295,PHL,MCO,7,395,160,1
401603,401604,WN,3930,AUS,DAL,4,1260,55,1
307181,307182,MQ,4589,MSP,LGA,6,1015,165,1
373162,373163,DL,1043,CHS,ATL,3,723,77,1
381221,381222,WN,60,TPA,HOU,3,1145,150,1
8190,8191,MQ,4128,MDT,ORD,3,770,135,1
275337,275338,WN,890,SAN,SFO,4,1215,90,1
510635,510636,WN,1628,BNA,STL,4,590,65,1
237077,237078,WN,420,AUS,DEN,2,1060,145,1
200217,200218,WN,1568,STL,BWI,7,995,115,1
453143,453144,OO,6334,DEN,SLC,1,487,101,1
329397,329398,OO,7799,COD,SLC,1,364,97,1
423272,423273,OO,4814,SFO,SLC,6,709,110,1
39520,39521,AS,12,SEA,BOS,5,530,316,1
99917,99918,XE,2875,DAY,IAH,1,1095,165,1
472112,472113,WN,1508,BUR,SMF,2,510,80,1
99722,99723,MQ,4051,ORD,BNA,1,1085,90,1
66600,66601,US,1769,LGA,CLT,6,1137,128,1
315980,315981,FL,790,STL,ATL,7,608,89,1
273584,273585,AA,427,AUS,LAX,4,1120,195,1
294838,294839,WN,174,SJC,SAN,5,1315,75,1
514143,514144,OO,6522,LAX,PHX,4,771,78,1
40526,40527,DL,1324,ATL,RIC,5,585,103,1
227393,227394,UA,59,SFO,KOA,2,536,337,1
127810,127811,UA,844,SEA,SFO,3,728,136,1
452318,452319,UA,160,PDX,DEN,1,445,151,1
52574,52575,DL,1670,SLC,PDX,5,1220,123,1
149853,149854,WN,1945,BHM,MDW,4,955,110,1
266955,266956,AA,474,DFW,ATL,4,775,120,1
306106,306107,F9,145,HOU,DEN,6,949,141,1
420626,420627,CO,1407,IAH,SJC,6,550,254,1
273467,273468,WN,169,OMA,MDW,4,1110,85,1
194796,194797,US,1429,CLT,ATL,7,706,84,1
430577,430578,XE,2279,EWR,TYS,6,1170,130,1
387555,387556,WN,918,PVD,BWI,4,510,80,1
257833,257834,DL,2916,MSP,BZN,3,1290,154,1
60896,60897,WN,2776,MCO,STL,6,750,155,1
116102,116103,AA,1284,DFW,CLT,2,1035,140,1
428582,428583,MQ,2817,EVV,DFW,6,1030,130,1
379620,379621,DL,2586,ATL,LGA,3,1060,139,1
362201,362202,FL,518,CMH,ATL,2,1110,100,1
327910,327911,YV,2831,PHX,TUS,7,1260,46,1
452913,452914,DL,1110,IND,DTW,1,479,81,1
72727,72728,OO,6489,CIC,SFO,7,616,65,1
265595,265596,OO,6225,GEG,SEA,4,700,71,1
34279,34280,EV,5273,DTW,JAX,4,1205,146,1
197641,197642,WN,1727,FLL,STL,7,860,180,1
507712,507713,CO,1048,IAH,FLL,4,440,140,1
399015,399016,AA,2026,DFW,RSW,4,1105,140,1
324204,324205,9E,4272,DTW,PVD,7,1045,116,1
424186,424187,WN,1721,SAN,DEN,6,760,135,1
19875,19876,WN,3232,JAX,FLL,4,450,70,1
425891,425892,WN,3024,MHT,BWI,6,865,100,1
377670,377671,WN,919,BDL,BWI,3,960,75,1
214335,214336,EV,5358,ATL,SYR,1,785,125,1
106271,106272,WN,1868,MDW,SDF,2,500,65,1
526002,526003,AA,2306,EGE,DFW,5,450,145,1
265614,265615,WN,271,SAN,BNA,4,700,220,1
481427,481428,WN,3050,LAS,BUF,2,995,260,1
286807,286808,EV,5156,JAN,ATL,5,850,85,1
308651,308652,WN,1544,HOU,SAT,6,1100,55,1
115366,115367,XE,2074,CHS,EWR,2,992,118,1
375333,375334,9E,3909,GRB,DTW,3,840,80,1
360053,360054,WN,460,PIT,BWI,2,1000,70,1
56720,56721,WN,2839,MDW,STL,6,510,65,1
486297,486298,WN,3149,SJC,PHX,2,1280,105,1
298561,298562,OO,6741,LIT,DEN,6,520,162,1
27006,27007,DL,1147,ATL,PBI,4,820,105,1
295427,295428,MQ,3014,FAT,LAX,6,350,65,1
274482,274483,WN,2381,LGA,MDW,4,1165,160,1
110652,110653,EV,5230,ATL,GSO,2,735,75,1
253234,253235,DL,1119,ATL,RIC,3,1000,94,1
247658,247659,EV,5371,TLH,ATL,3,699,74,1
27214,27215,DL,1593,DTW,IND,4,830,72,1
522767,522768,OH,6311,ATL,CRW,4,1231,88,1
399895,399896,WN,3428,SDF,MDW,4,1150,70,1
52290,52291,DL,1526,FLL,ATL,5,1200,118,1
28807,28808,9E,3971,ATL,ICT,4,915,148,1
45409,45410,WN,3421,DEN,SFO,5,835,165,1
301257,301258,WN,1828,MDW,BOS,6,670,135,1
471811,471812,UA,568,ORD,SJU,2,496,275,1
339962,339963,OO,4640,MSP,CLE,1,905,121,1
321358,321359,FL,850,MCO,ATL,7,895,93,1
54951,54952,B6,240,LGB,OAK,6,415,78,1
82559,82560,DL,245,JFK,LAX,7,1140,390,1
126173,126174,XE,2150,GRR,EWR,3,640,110,1
282869,282870,WN,1122,LAS,SEA,5,645,165,1
480199,480200,WN,293,ABQ,PHX,2,930,75,1
462516,462517,WN,1033,LAS,SAN,1,975,65,1
445242,445243,AA,1151,MSP,ORD,7,1045,95,1
353796,353797,MQ,2908,EVV,DFW,2,675,130,1
350842,350843,WN,524,MCI,IND,2,520,80,1
320073,320074,OO,4604,SLC,DEN,7,825,85,1
244979,244980,AA,721,LGA,DFW,3,555,260,1
521164,521165,MQ,4291,IND,ORD,4,1140,80,1
141292,141293,AA,2022,SJU,ORD,4,510,305,1
199968,199969,EV,7359,EWR,DTW,7,985,129,1
176177,176178,US,400,CMH,PHX,6,465,274,1
511368,511369,XE,3000,IAH,BTR,4,625,68,1
506423,506424,WN,1914,DTW,BWI,4,375,100,1
210103,210104,WN,1115,MDW,MSP,1,565,85,1
353730,353731,WN,1219,SLC,ABQ,2,670,90,1
274934,274935,US,834,CLT,PVD,4,1190,112,1
226816,226817,DL,1683,IND,SLC,2,510,224,1
269975,269976,WN,31,HOU,HRL,4,930,60,1
15043,15044,9E,4128,RDU,BDL,3,1140,125,1
306366,306367,AA,1990,MIA,MCO,6,965,60,1
360746,360747,WN,108,MDW,LIT,2,1035,105,1
270071,270072,WN,2450,SNA,SFO,4,935,80,1
272133,272134,EV,5213,CHA,ATL,4,1043,52,1
239752,239753,DL,1240,ATL,SDF,2,1221,78,1
224983,224984,WN,1944,SAN,OAK,2,415,95,1
49611,49612,DL,1522,GRR,DTW,5,1055,65,1
251001,251002,WN,2383,MCO,DEN,3,880,260,1
206363,206364,WN,3756,LAX,SMF,1,375,80,1
155878,155879,DL,2554,SFO,DTW,4,1365,272,1
417177,417178,XE,2084,IAH,TUL,5,1280,83,1
477009,477010,CO,596,LAS,IAH,2,765,179,1
66392,66393,WN,1899,HOU,JAN,6,1120,70,1
249400,249401,AA,2058,DFW,SJU,3,795,265,1
198743,198744,UA,233,MCO,ORD,7,916,175,1
218979,218980,OH,6601,RDU,MCO,1,1030,119,1
374556,374557,WN,698,BNA,RDU,3,795,80,1
345573,345574,WN,3159,MCI,SAN,1,1200,220,1
369408,369409,DL,2660,MEM,LGA,3,530,159,1
495683,495684,EV,5264,ATL,FAY,3,775,69,1
167568,167569,UA,186,SFO,PHL,5,933,326,1
309660,309661,WN,2163,SJC,BUR,6,1170,60,1
266777,266778,EV,5223,TRI,ATL,4,763,76,1
498475,498476,DL,2038,ATL,DCA,3,920,105,1
70682,70683,DL,1483,SLC,LAS,7,508,92,1
266801,266802,CO,596,LAS,IAH,4,765,179,1
123137,123138,UA,361,LGA,DEN,3,480,276,1
536655,536656,WN,1820,LAX,SFO,5,1045,75,1
534574,534575,OO,7791,SUN,SLC,5,914,66,1
248564,248565,WN,1234,OAK,SAN,3,745,85,1
413308,413309,MQ,3059,FAT,LAX,5,925,65,1
120514,120515,EV,5218,SYR,ATL,3,345,158,1
214292,214293,OO,6442,LAX,OKC,1,781,162,1
371808,371809,XE,3155,IAH,SDF,3,655,133,1
519196,519197,WN,142,BUF,BWI,4,1035,70,1
34237,34238,WN,56,HOU,DAL,4,1200,55,1
468335,468336,US,279,PHX,IAH,1,1355,150,1
279480,279481,EV,5071,ATL,HSV,5,475,58,1
298405,298406,AA,1487,DCA,ORD,6,515,130,1
383052,383053,YV,2879,PHX,BFL,3,1260,90,1
303645,303646,UA,210,CLE,ORD,6,806,87,1
482706,482707,CO,1114,ORD,EWR,2,1060,141,1
97882,97883,WN,36,DAL,MAF,1,990,70,1
371452,371453,WN,580,STL,MCI,3,635,65,1
270334,270335,WN,1714,TPA,CMH,4,950,135,1
128483,128484,WN,509,PHX,DTW,3,765,235,1
390450,390451,OO,7765,SLC,PIH,4,660,66,1
480804,480805,AA,1033,MIA,ORD,2,965,210,1
482285,482286,DL,2541,ATL,MSY,2,1040,101,1
274110,274111,WN,313,MDW,SAN,4,1145,275,1
484435,484436,WN,512,LAS,MKE,2,1150,205,1
222515,222516,DL,2237,ATL,JAX,1,1232,72,1
349552,349553,WN,2459,DEN,LAS,2,455,120,1
293740,293741,US,1624,CLT,ORD,5,1215,124,1
249159,249160,WN,1083,LAS,BOI,3,780,105,1
200171,200172,9E,4061,AVP,DTW,7,995,100,1
220386,220387,XE,2289,IAH,ELP,1,1100,130,1
173496,173497,AA,1575,DFW,SFO,5,1285,235,1
131073,131074,F9,374,DEN,MKE,3,905,132,1
106051,106052,MQ,4616,RDU,LGA,2,490,90,1
250801,250802,MQ,4368,ORD,CVG,3,870,70,1
300130,300131,F9,824,MCI,DEN,6,608,107,1
460863,460864,EV,5565,ATL,GPT,1,890,89,1
496361,496362,CO,549,SFO,EWR,3,810,328,1
210926,210927,OO,6246,FAT,LAX,1,607,70,1
60898,60899,WN,2934,MDW,BNA,6,750,85,1
259554,259555,AA,1399,DEN,ORD,4,395,155,1
460340,460341,9E,4308,DTW,RIC,1,865,106,1
297099,297100,OO,6626,HLN,DEN,6,443,113,1
515314,515315,9E,4110,DTW,PVD,4,835,122,1
493917,493918,WN,505,SMF,SAN,3,680,85,1
690,691,WN,379,OAK,SEA,3,370,125,1
227900,227901,WN,840,LAS,BDL,2,565,295,1
204685,204686,CO,1644,IAH,SMF,7,1255,249,1
374991,374992,WN,149,PHX,SMF,3,820,125,1
294507,294508,B6,260,LGB,FLL,5,1285,276,1
503939,503940,XE,2922,IAH,GRR,3,1205,153,1
149722,149723,WN,1489,PBI,TPA,4,945,55,1
347580,347581,UA,303,JFK,SFO,2,360,410,1
353721,353722,OO,6428,BOI,LAX,2,670,131,1
75481,75482,WN,1753,FLL,MCO,7,760,60,1
492975,492976,WN,284,PHX,SMF,3,630,125,1
190525,190526,DL,2584,STL,SLC,7,480,200,1
332345,332346,XE,2426,EWR,ATL,1,510,155,1
283260,283261,WN,1150,DEN,TPA,5,665,205,1
244911,244912,CO,1407,IAH,SJC,3,550,258,1
155409,155410,CO,327,SAN,EWR,4,1290,295,1
305514,305515,YV,2652,CLT,EWR,6,914,106,1
537571,537572,WN,1197,MDW,BNA,5,1110,85,1
341886,341887,CO,362,CLE,PHX,1,1010,270,1
484064,484065,OH,6640,DCA,BOS,2,1135,98,1
248757,248758,WN,763,MCO,PHX,3,755,300,1
379419,379420,MQ,4246,IND,ORD,3,1050,75,1
435078,435079,WN,3022,AUS,HOU,7,505,45,1
21414,21415,WN,406,LAS,PHX,4,525,70,1
415914,415915,CO,5,IAH,MSY,5,1110,69,1
166256,166257,WN,1052,SJC,LAS,5,865,85,1
290619,290620,9E,3719,DTW,BUF,5,1050,80,1
215692,215693,WN,882,BWI,ORF,1,855,50,1
293562,293563,WN,3953,BWI,IND,5,1200,110,1
462756,462757,AA,2033,BNA,DFW,1,990,125,1
460882,460883,US,720,MIA,CLT,1,890,123,1
80401,80402,MQ,3224,GSO,DFW,7,1025,195,1
317834,317835,MQ,3457,CLE,DFW,7,705,185,1
412901,412902,MQ,3383,DFW,GPT,5,900,90,1
19610,19611,OO,6320,SAN,LAX,4,439,46,1
397151,397152,YV,2973,SFO,LAS,4,1010,88,1
14976,14977,EV,5323,DCA,BOS,3,1135,92,1
316295,316296,XE,2056,MCI,EWR,7,624,162,1
295407,295408,US,1783,RDU,CLT,6,345,60,1
466938,466939,WN,982,PVD,PHL,1,1205,85,1
484230,484231,WN,673,MCI,DEN,2,1140,115,1
145595,145596,WN,2873,ONT,SJC,4,725,70,1
34515,34516,WN,222,SAN,PHX,4,1225,70,1
355544,355545,CO,596,LAS,IAH,2,765,179,1
339169,339170,US,1182,CLT,LGA,1,866,107,1
